id,timestamp,date,staff_id,full_name,cbk_email,department,discipline,gate,station,session_id,validation_status,duration_minutes,allowance_qualified,allowance_amount,audit_notes,gsheets_synced
1,2026-09-30 08:15:15,2026-09-30,CBK-3428,Samuel Gathigi Njuguna,sgathigi@centralbank.go.ke,IT & Digital Services,Golf,PRE_SPORT,Clubhouse Pro-Shop,SESS-2026-09-30-CBK-3428,PRE_SPORT_VALIDATED,0.0,0,0.0,Gate 1 Arrival Confirmed,1
2,2026-09-30 09:42:40,2026-09-30,CBK-3428,Samuel Gathigi Njuguna,sgathigi@centralbank.go.ke,IT & Digital Services,Golf,POST_SPORT,Clubhouse Pro-Shop,SESS-2026-09-30-CBK-3428,DUAL_VERIFIED,87.0,1,2500.0,Dual-Verified Session (≥ 45 min threshold met),1
3,2026-09-30 08:46:15,2026-09-30,CBK-2801,David Anyenda,danyenda@centralbank.go.ke,IT & Digital Services,Basketball,PRE_SPORT,Indoor Arena Entrance,SESS-2026-09-30-CBK-2801,PRE_SPORT_VALIDATED,0.0,0,0.0,Gate 1 Arrival Confirmed,1
4,2026-09-30 09:50:40,2026-09-30,CBK-2801,David Anyenda,danyenda@centralbank.go.ke,IT & Digital Services,Basketball,POST_SPORT,Indoor Arena Entrance,SESS-2026-09-30-CBK-2801,DUAL_VERIFIED,64.0,1,2500.0,Dual-Verified Session (≥ 45 min threshold met),1
5,2026-09-30 08:16:22,2026-09-30,CBK-4268,Dickson Langat,dlangat@centralbank.go.ke,Governor's Executive Office,Athletics & Track,PRE_SPORT,Running Track Marshal Post,SESS-2026-09-30-CBK-4268,PRE_SPORT_VALIDATED,0.0,0,0.0,Active In-Session on Field,1
6,2026-09-30 08:15:15,2026-09-30,CBK-3734,Harry Opala,hopala@centralbank.go.ke,Currency Operations & Logistics,Football (Soccer),PRE_SPORT,Main Pitch Pavilion Gate,SESS-2026-09-30-CBK-3734,PRE_SPORT_VALIDATED,0.0,0,0.0,Gate 1 Arrival Confirmed,1
7,2026-09-30 09:21:40,2026-09-30,CBK-3734,Harry Opala,hopala@centralbank.go.ke,Currency Operations & Logistics,Football (Soccer),POST_SPORT,Main Pitch Pavilion Gate,SESS-2026-09-30-CBK-3734,DUAL_VERIFIED,66.0,1,2500.0,Dual-Verified Session (≥ 45 min threshold met),1
8,2026-09-30 08:17:05,2026-09-30,CBK-9981,Gladys Chepkemoi,gchepkemoi@centralbank.go.ke,Governor's Executive Office,Football (Soccer),PRE_SPORT,Main Pitch Pavilion Gate,SESS-2026-09-30-CBK-9981,PRE_SPORT_VALIDATED,0.0,0,0.0,Gate 1 Check-In,1
9,2026-09-30 08:43:30,2026-09-30,CBK-9981,Gladys Chepkemoi,gchepkemoi@centralbank.go.ke,Governor's Executive Office,Football (Soccer),POST_SPORT,Main Pitch Pavilion Gate,SESS-2026-09-30-CBK-9981,INSUFFICIENT_DURATION,26.0,0,0.0,Early Exit (26m < 45m threshold),1
10,2026-09-30 08:20:15,2026-09-30,CBK-3411,Bernard Wanjofu,bwanjofu@centralbank.go.ke,General Services & Procurement,Draughts,PRE_SPORT,Board Games Arena,SESS-2026-09-30-CBK-3411,PRE_SPORT_VALIDATED,0.0,0,0.0,Gate 1 Arrival Confirmed,1
11,2026-09-30 09:35:40,2026-09-30,CBK-3411,Bernard Wanjofu,bwanjofu@centralbank.go.ke,General Services & Procurement,Draughts,POST_SPORT,Board Games Arena,SESS-2026-09-30-CBK-3411,DUAL_VERIFIED,75.0,1,2500.0,Dual-Verified Session (≥ 45 min threshold met),1
12,2026-09-30 08:14:15,2026-09-30,CBK-7617,Breda Kathuri,bkathuri@centralbank.go.ke,IT & Digital Services,Chess,PRE_SPORT,Grand Hall Entrance,SESS-2026-09-30-CBK-7617,PRE_SPORT_VALIDATED,0.0,0,0.0,Gate 1 Arrival Confirmed,1
13,2026-09-30 09:44:40,2026-09-30,CBK-7617,Breda Kathuri,bkathuri@centralbank.go.ke,IT & Digital Services,Chess,POST_SPORT,Grand Hall Entrance,SESS-2026-09-30-CBK-7617,DUAL_VERIFIED,90.0,1,2500.0,Dual-Verified Session (≥ 45 min threshold met),1
14,2026-09-30 07:20:15,2026-09-30,CBK-3627,Eunice Supuko,esupuko@centralbank.go.ke,Banking Services & National Payments,Basketball,PRE_SPORT,Indoor Arena Entrance,SESS-2026-09-30-CBK-3627,PRE_SPORT_VALIDATED,0.0,0,0.0,Gate 1 Arrival Confirmed,1
15,2026-09-30 08:41:40,2026-09-30,CBK-3627,Eunice Supuko,esupuko@centralbank.go.ke,Banking Services & National Payments,Basketball,POST_SPORT,Indoor Arena Entrance,SESS-2026-09-30-CBK-3627,DUAL_VERIFIED,81.0,1,2500.0,Dual-Verified Session (≥ 45 min threshold met),1
16,2026-09-30 07:30:15,2026-09-30,CBK-10064,Mohamed Jillo,mjillo@centralbank.go.ke,Mombasa Branch,Swimming,PRE_SPORT,Aquatic Center Desk,SESS-2026-09-30-CBK-10064,PRE_SPORT_VALIDATED,0.0,0,0.0,Gate 1 Arrival Confirmed,1
17,2026-09-30 08:25:40,2026-09-30,CBK-10064,Mohamed Jillo,mjillo@centralbank.go.ke,Mombasa Branch,Swimming,POST_SPORT,Aquatic Center Desk,SESS-2026-09-30-CBK-10064,DUAL_VERIFIED,55.0,1,2500.0,Dual-Verified Session (≥ 45 min threshold met),1
18,2026-09-30 07:30:15,2026-09-30,CBK-3802,Kelvin Evans Muthuri,kmuthuri@centralbank.go.ke,Banking Services & National Payments,Badminton,PRE_SPORT,Racquet Arena Entrance,SESS-2026-09-30-CBK-3802,PRE_SPORT_VALIDATED,0.0,0,0.0,Gate 1 Arrival Confirmed,1
19,2026-09-30 08:47:40,2026-09-30,CBK-3802,Kelvin Evans Muthuri,kmuthuri@centralbank.go.ke,Banking Services & National Payments,Badminton,POST_SPORT,Racquet Arena Entrance,SESS-2026-09-30-CBK-3802,DUAL_VERIFIED,77.0,1,2500.0,Dual-Verified Session (≥ 45 min threshold met),1
20,2026-09-30 07:46:15,2026-09-30,CBK-10008,Loise Rehema,lrehema@centralbank.go.ke,Mombasa Branch,Tug of War,PRE_SPORT,Grass Track Marshal Post,SESS-2026-09-30-CBK-10008,PRE_SPORT_VALIDATED,0.0,0,0.0,Gate 1 Arrival Confirmed,1
21,2026-09-30 08:58:40,2026-09-30,CBK-10008,Loise Rehema,lrehema@centralbank.go.ke,Mombasa Branch,Tug of War,POST_SPORT,Grass Track Marshal Post,SESS-2026-09-30-CBK-10008,DUAL_VERIFIED,72.0,1,2500.0,Dual-Verified Session (≥ 45 min threshold met),1
22,2026-09-30 08:35:15,2026-09-30,CBK-4327,Ann Cherotich,acherotich@centralbank.go.ke,Financial Markets & Reserves,Netball,PRE_SPORT,Courtside Desk,SESS-2026-09-30-CBK-4327,PRE_SPORT_VALIDATED,0.0,0,0.0,Gate 1 Arrival Confirmed,1
23,2026-09-30 10:08:40,2026-09-30,CBK-4327,Ann Cherotich,acherotich@centralbank.go.ke,Financial Markets & Reserves,Netball,POST_SPORT,Courtside Desk,SESS-2026-09-30-CBK-4327,DUAL_VERIFIED,93.0,1,2500.0,Dual-Verified Session (≥ 45 min threshold met),1
24,2026-09-30 08:18:15,2026-09-30,CBK-9994,Urbanus Kioko,ukioko@centralbank.go.ke,Governor's Executive Office,Athletics & Track,PRE_SPORT,Running Track Marshal Post,SESS-2026-09-30-CBK-9994,PRE_SPORT_VALIDATED,0.0,0,0.0,Gate 1 Arrival Confirmed,1
25,2026-09-30 09:25:40,2026-09-30,CBK-9994,Urbanus Kioko,ukioko@centralbank.go.ke,Governor's Executive Office,Athletics & Track,POST_SPORT,Running Track Marshal Post,SESS-2026-09-30-CBK-9994,DUAL_VERIFIED,67.0,1,2500.0,Dual-Verified Session (≥ 45 min threshold met),1
26,2026-09-30 08:32:22,2026-09-30,CBK-10159,Joshua Magwe,jmagwe@centralbank.go.ke,Governor's Executive Office,Athletics & Track,PRE_SPORT,Running Track Marshal Post,SESS-2026-09-30-CBK-10159,PRE_SPORT_VALIDATED,0.0,0,0.0,Active In-Session on Field,1
27,2026-09-30 08:47:15,2026-09-30,CBK-3929,Catherine Ogulla,cogulla@centralbank.go.ke,Human Resources,Basketball,PRE_SPORT,Indoor Arena Entrance,SESS-2026-09-30-CBK-3929,PRE_SPORT_VALIDATED,0.0,0,0.0,Gate 1 Arrival Confirmed,1
28,2026-09-30 10:04:40,2026-09-30,CBK-3929,Catherine Ogulla,cogulla@centralbank.go.ke,Human Resources,Basketball,POST_SPORT,Indoor Arena Entrance,SESS-2026-09-30-CBK-3929,DUAL_VERIFIED,77.0,1,2500.0,Dual-Verified Session (≥ 45 min threshold met),1
29,2026-09-30 07:42:15,2026-09-30,CBK-4221,John Ng Ang A,ja@centralbank.go.ke,General Services & Procurement,Draughts,PRE_SPORT,Board Games Arena,SESS-2026-09-30-CBK-4221,PRE_SPORT_VALIDATED,0.0,0,0.0,Gate 1 Arrival Confirmed,1
30,2026-09-30 09:05:40,2026-09-30,CBK-4221,John Ng Ang A,ja@centralbank.go.ke,General Services & Procurement,Draughts,POST_SPORT,Board Games Arena,SESS-2026-09-30-CBK-4221,DUAL_VERIFIED,83.0,1,2500.0,Dual-Verified Session (≥ 45 min threshold met),1
31,2026-09-30 07:17:15,2026-09-30,CBK-4047,Meja Mwagomba,mmwagomba@centralbank.go.ke,Mombasa Branch,Draughts,PRE_SPORT,Board Games Arena,SESS-2026-09-30-CBK-4047,PRE_SPORT_VALIDATED,0.0,0,0.0,Gate 1 Arrival Confirmed,1
32,2026-09-30 08:18:40,2026-09-30,CBK-4047,Meja Mwagomba,mmwagomba@centralbank.go.ke,Mombasa Branch,Draughts,POST_SPORT,Board Games Arena,SESS-2026-09-30-CBK-4047,DUAL_VERIFIED,61.0,1,2500.0,Dual-Verified Session (≥ 45 min threshold met),1
33,2026-09-30 08:48:15,2026-09-30,CBK-3400,Francis Ngumi,fngumi@centralbank.go.ke,Nyeri Currency Centre,Squash,PRE_SPORT,Squash Court 1,SESS-2026-09-30-CBK-3400,PRE_SPORT_VALIDATED,0.0,0,0.0,Gate 1 Arrival Confirmed,1
34,2026-09-30 09:44:40,2026-09-30,CBK-3400,Francis Ngumi,fngumi@centralbank.go.ke,Nyeri Currency Centre,Squash,POST_SPORT,Squash Court 1,SESS-2026-09-30-CBK-3400,DUAL_VERIFIED,56.0,1,2500.0,Dual-Verified Session (≥ 45 min threshold met),1
35,2026-09-30 08:43:15,2026-09-30,CBK-3147,John Kimani,jkimani@centralbank.go.ke,Eldoret Branch,Tug of War,PRE_SPORT,Grass Track Marshal Post,SESS-2026-09-30-CBK-3147,PRE_SPORT_VALIDATED,0.0,0,0.0,Gate 1 Arrival Confirmed,1
36,2026-09-30 09:51:40,2026-09-30,CBK-3147,John Kimani,jkimani@centralbank.go.ke,Eldoret Branch,Tug of War,POST_SPORT,Grass Track Marshal Post,SESS-2026-09-30-CBK-3147,DUAL_VERIFIED,68.0,1,2500.0,Dual-Verified Session (≥ 45 min threshold met),1
37,2026-09-30 08:05:05,2026-09-30,CBK-4270,Paul Ogula,pogula@centralbank.go.ke,General Services & Procurement,Athletics & Track,PRE_SPORT,Running Track Marshal Post,SESS-2026-09-30-CBK-4270,PRE_SPORT_VALIDATED,0.0,0,0.0,Gate 1 Check-In,1
38,2026-09-30 08:26:30,2026-09-30,CBK-4270,Paul Ogula,pogula@centralbank.go.ke,General Services & Procurement,Athletics & Track,POST_SPORT,Running Track Marshal Post,SESS-2026-09-30-CBK-4270,INSUFFICIENT_DURATION,21.0,0,0.0,Early Exit (21m < 45m threshold),1
39,2026-09-30 08:31:15,2026-09-30,CBK-2358,William Kibet,wkibet@centralbank.go.ke,General Services & Procurement,Table Tennis,PRE_SPORT,Table Pavilion Gate,SESS-2026-09-30-CBK-2358,PRE_SPORT_VALIDATED,0.0,0,0.0,Gate 1 Arrival Confirmed,1
40,2026-09-30 09:30:40,2026-09-30,CBK-2358,William Kibet,wkibet@centralbank.go.ke,General Services & Procurement,Table Tennis,POST_SPORT,Table Pavilion Gate,SESS-2026-09-30-CBK-2358,DUAL_VERIFIED,59.0,1,2500.0,Dual-Verified Session (≥ 45 min threshold met),1
41,2026-09-30 07:39:15,2026-09-30,CBK-4046,Richard Kipkore,rkipkore@centralbank.go.ke,Governor's Executive Office,Darts,PRE_SPORT,Darts Arena Post,SESS-2026-09-30-CBK-4046,PRE_SPORT_VALIDATED,0.0,0,0.0,Gate 1 Arrival Confirmed,1
42,2026-09-30 08:31:40,2026-09-30,CBK-4046,Richard Kipkore,rkipkore@centralbank.go.ke,Governor's Executive Office,Darts,POST_SPORT,Darts Arena Post,SESS-2026-09-30-CBK-4046,DUAL_VERIFIED,52.0,1,2500.0,Dual-Verified Session (≥ 45 min threshold met),1
43,2026-09-30 08:13:05,2026-09-30,CBK-10166,Fatuma Ramadhani,framadhani@centralbank.go.ke,Governor's Executive Office,Volleyball,PRE_SPORT,Courtside Pavilion,SESS-2026-09-30-CBK-10166,PRE_SPORT_VALIDATED,0.0,0,0.0,Gate 1 Check-In,1
44,2026-09-30 08:47:30,2026-09-30,CBK-10166,Fatuma Ramadhani,framadhani@centralbank.go.ke,Governor's Executive Office,Volleyball,POST_SPORT,Courtside Pavilion,SESS-2026-09-30-CBK-10166,INSUFFICIENT_DURATION,34.0,0,0.0,Early Exit (34m < 45m threshold),1
45,2026-09-30 08:31:22,2026-09-30,CBK-2364,Margaret Chege,mchege@centralbank.go.ke,Currency Operations & Logistics,Netball,PRE_SPORT,Courtside Desk,SESS-2026-09-30-CBK-2364,PRE_SPORT_VALIDATED,0.0,0,0.0,Active In-Session on Field,1
46,2026-09-30 08:14:05,2026-09-30,CBK-3843,Geofrey Chege,gchege@centralbank.go.ke,Banking Services & National Payments,Draughts,PRE_SPORT,Board Games Arena,SESS-2026-09-30-CBK-3843,PRE_SPORT_VALIDATED,0.0,0,0.0,Gate 1 Check-In,1
47,2026-09-30 08:52:30,2026-09-30,CBK-3843,Geofrey Chege,gchege@centralbank.go.ke,Banking Services & National Payments,Draughts,POST_SPORT,Board Games Arena,SESS-2026-09-30-CBK-3843,INSUFFICIENT_DURATION,38.0,0,0.0,Early Exit (38m < 45m threshold),1
48,2026-09-30 07:19:15,2026-09-30,CBK-4196,Claire Muthoni,cmuthoni@centralbank.go.ke,CBK Head Office (Executive),Scrabble,PRE_SPORT,Board Games Arena,SESS-2026-09-30-CBK-4196,PRE_SPORT_VALIDATED,0.0,0,0.0,Gate 1 Arrival Confirmed,1
49,2026-09-30 08:34:40,2026-09-30,CBK-4196,Claire Muthoni,cmuthoni@centralbank.go.ke,CBK Head Office (Executive),Scrabble,POST_SPORT,Board Games Arena,SESS-2026-09-30-CBK-4196,DUAL_VERIFIED,75.0,1,2500.0,Dual-Verified Session (≥ 45 min threshold met),1
50,2026-09-30 08:32:22,2026-09-30,CBK-3972,Jane Nyagah,jnyagah@centralbank.go.ke,Kisumu Branch,Tug of War,PRE_SPORT,Grass Track Marshal Post,SESS-2026-09-30-CBK-3972,PRE_SPORT_VALIDATED,0.0,0,0.0,Active In-Session on Field,1
51,2026-09-30 08:05:05,2026-09-30,CBK-4037,William Apollo,wapollo@centralbank.go.ke,Human Resources,Football (Soccer),PRE_SPORT,Main Pitch Pavilion Gate,SESS-2026-09-30-CBK-4037,PRE_SPORT_VALIDATED,0.0,0,0.0,Gate 1 Check-In,1
52,2026-09-30 08:42:30,2026-09-30,CBK-4037,William Apollo,wapollo@centralbank.go.ke,Human Resources,Football (Soccer),POST_SPORT,Main Pitch Pavilion Gate,SESS-2026-09-30-CBK-4037,INSUFFICIENT_DURATION,37.0,0,0.0,Early Exit (37m < 45m threshold),1
53,2026-09-30 07:17:15,2026-09-30,CBK-4377,Lilian Rasugu,lrasugu@centralbank.go.ke,IT & Digital Services,Athletics & Track,PRE_SPORT,Running Track Marshal Post,SESS-2026-09-30-CBK-4377,PRE_SPORT_VALIDATED,0.0,0,0.0,Gate 1 Arrival Confirmed,1
54,2026-09-30 08:32:40,2026-09-30,CBK-4377,Lilian Rasugu,lrasugu@centralbank.go.ke,IT & Digital Services,Athletics & Track,POST_SPORT,Running Track Marshal Post,SESS-2026-09-30-CBK-4377,DUAL_VERIFIED,75.0,1,2500.0,Dual-Verified Session (≥ 45 min threshold met),1
55,2026-09-30 08:14:05,2026-09-30,CBK-4329,Kenneth Okwach,kokwach@centralbank.go.ke,Research & Policy Analysis,Chess,PRE_SPORT,Grand Hall Entrance,SESS-2026-09-30-CBK-4329,PRE_SPORT_VALIDATED,0.0,0,0.0,Gate 1 Check-In,1
56,2026-09-30 08:39:30,2026-09-30,CBK-4329,Kenneth Okwach,kokwach@centralbank.go.ke,Research & Policy Analysis,Chess,POST_SPORT,Grand Hall Entrance,SESS-2026-09-30-CBK-4329,INSUFFICIENT_DURATION,25.0,0,0.0,Early Exit (25m < 45m threshold),1
57,2026-09-30 07:15:15,2026-09-30,CBK-2916,Rose Lagat,rlagat@centralbank.go.ke,IT & Digital Services,Handball,PRE_SPORT,Field Gate 1,SESS-2026-09-30-CBK-2916,PRE_SPORT_VALIDATED,0.0,0,0.0,Gate 1 Arrival Confirmed,1
58,2026-09-30 08:38:40,2026-09-30,CBK-2916,Rose Lagat,rlagat@centralbank.go.ke,IT & Digital Services,Handball,POST_SPORT,Field Gate 1,SESS-2026-09-30-CBK-2916,DUAL_VERIFIED,83.0,1,2500.0,Dual-Verified Session (≥ 45 min threshold met),1
59,2026-09-30 08:39:22,2026-09-30,CBK-4249,Lewis Ndegwa,lndegwa@centralbank.go.ke,Governor's Executive Office,Chess,PRE_SPORT,Grand Hall Entrance,SESS-2026-09-30-CBK-4249,PRE_SPORT_VALIDATED,0.0,0,0.0,Active In-Session on Field,1
60,2026-09-30 07:18:15,2026-09-30,CBK-2852,Samuel Ndulya,sndulya@centralbank.go.ke,Human Resources,Draughts,PRE_SPORT,Board Games Arena,SESS-2026-09-30-CBK-2852,PRE_SPORT_VALIDATED,0.0,0,0.0,Gate 1 Arrival Confirmed,1
61,2026-09-30 08:52:40,2026-09-30,CBK-2852,Samuel Ndulya,sndulya@centralbank.go.ke,Human Resources,Draughts,POST_SPORT,Board Games Arena,SESS-2026-09-30-CBK-2852,DUAL_VERIFIED,94.0,1,2500.0,Dual-Verified Session (≥ 45 min threshold met),1
62,2026-09-30 07:26:15,2026-09-30,CBK-3377,Sophie Adhiambo Ongalo,songalo@centralbank.go.ke,Kisii Currency Centre,Golf,PRE_SPORT,Clubhouse Pro-Shop,SESS-2026-09-30-CBK-3377,PRE_SPORT_VALIDATED,0.0,0,0.0,Gate 1 Arrival Confirmed,1
63,2026-09-30 08:51:40,2026-09-30,CBK-3377,Sophie Adhiambo Ongalo,songalo@centralbank.go.ke,Kisii Currency Centre,Golf,POST_SPORT,Clubhouse Pro-Shop,SESS-2026-09-30-CBK-3377,DUAL_VERIFIED,85.0,1,2500.0,Dual-Verified Session (≥ 45 min threshold met),1
64,2026-09-30 08:18:05,2026-09-30,CBK-2360,Julie Gwala,jgwala@centralbank.go.ke,Financial Markets & Reserves,Basketball,PRE_SPORT,Indoor Arena Entrance,SESS-2026-09-30-CBK-2360,PRE_SPORT_VALIDATED,0.0,0,0.0,Gate 1 Check-In,1
65,2026-09-30 08:42:30,2026-09-30,CBK-2360,Julie Gwala,jgwala@centralbank.go.ke,Financial Markets & Reserves,Basketball,POST_SPORT,Indoor Arena Entrance,SESS-2026-09-30-CBK-2360,INSUFFICIENT_DURATION,24.0,0,0.0,Early Exit (24m < 45m threshold),1
66,2026-09-30 08:11:05,2026-09-30,CBK-3677,Richard Mmare,rmmare@centralbank.go.ke,Nyeri Currency Centre,Handball,PRE_SPORT,Field Gate 1,SESS-2026-09-30-CBK-3677,PRE_SPORT_VALIDATED,0.0,0,0.0,Gate 1 Check-In,1
67,2026-09-30 08:38:30,2026-09-30,CBK-3677,Richard Mmare,rmmare@centralbank.go.ke,Nyeri Currency Centre,Handball,POST_SPORT,Field Gate 1,SESS-2026-09-30-CBK-3677,INSUFFICIENT_DURATION,27.0,0,0.0,Early Exit (27m < 45m threshold),1
68,2026-09-30 08:38:15,2026-09-30,CBK-3823,Winnie Oduor,woduor@centralbank.go.ke,General Services & Procurement,Basketball,PRE_SPORT,Indoor Arena Entrance,SESS-2026-09-30-CBK-3823,PRE_SPORT_VALIDATED,0.0,0,0.0,Gate 1 Arrival Confirmed,1
69,2026-09-30 10:03:40,2026-09-30,CBK-3823,Winnie Oduor,woduor@centralbank.go.ke,General Services & Procurement,Basketball,POST_SPORT,Indoor Arena Entrance,SESS-2026-09-30-CBK-3823,DUAL_VERIFIED,85.0,1,2500.0,Dual-Verified Session (≥ 45 min threshold met),1
70,2026-09-30 07:24:15,2026-09-30,CBK-3782,Vincent Langat,vlangat@centralbank.go.ke,Financial Markets & Reserves,Handball,PRE_SPORT,Field Gate 1,SESS-2026-09-30-CBK-3782,PRE_SPORT_VALIDATED,0.0,0,0.0,Gate 1 Arrival Confirmed,1
71,2026-09-30 08:20:40,2026-09-30,CBK-3782,Vincent Langat,vlangat@centralbank.go.ke,Financial Markets & Reserves,Handball,POST_SPORT,Field Gate 1,SESS-2026-09-30-CBK-3782,DUAL_VERIFIED,56.0,1,2500.0,Dual-Verified Session (≥ 45 min threshold met),1
72,2026-09-30 07:47:15,2026-09-30,CBK-4272,Lydia Leley,lleley@centralbank.go.ke,Governor's Executive Office,Handball,PRE_SPORT,Field Gate 1,SESS-2026-09-30-CBK-4272,PRE_SPORT_VALIDATED,0.0,0,0.0,Gate 1 Arrival Confirmed,1
73,2026-09-30 08:53:40,2026-09-30,CBK-4272,Lydia Leley,lleley@centralbank.go.ke,Governor's Executive Office,Handball,POST_SPORT,Field Gate 1,SESS-2026-09-30-CBK-4272,DUAL_VERIFIED,66.0,1,2500.0,Dual-Verified Session (≥ 45 min threshold met),1
74,2026-09-30 07:24:15,2026-09-30,CBK-2386,George Ongoro,gongoro@centralbank.go.ke,Governor's Executive Office,Tug of War,PRE_SPORT,Grass Track Marshal Post,SESS-2026-09-30-CBK-2386,PRE_SPORT_VALIDATED,0.0,0,0.0,Gate 1 Arrival Confirmed,1
75,2026-09-30 08:20:40,2026-09-30,CBK-2386,George Ongoro,gongoro@centralbank.go.ke,Governor's Executive Office,Tug of War,POST_SPORT,Grass Track Marshal Post,SESS-2026-09-30-CBK-2386,DUAL_VERIFIED,56.0,1,2500.0,Dual-Verified Session (≥ 45 min threshold met),1
76,2026-09-30 08:15:05,2026-09-30,CBK-10347,Vincent Otieno,votieno@centralbank.go.ke,Governor's Executive Office,Football (Soccer),PRE_SPORT,Main Pitch Pavilion Gate,SESS-2026-09-30-CBK-10347,PRE_SPORT_VALIDATED,0.0,0,0.0,Gate 1 Check-In,1
77,2026-09-30 08:35:30,2026-09-30,CBK-10347,Vincent Otieno,votieno@centralbank.go.ke,Governor's Executive Office,Football (Soccer),POST_SPORT,Main Pitch Pavilion Gate,SESS-2026-09-30-CBK-10347,INSUFFICIENT_DURATION,20.0,0,0.0,Early Exit (20m < 45m threshold),1
78,2026-09-30 08:41:15,2026-09-30,CBK-10002,Sammy Twaem,stwaem@centralbank.go.ke,Mombasa Branch,Athletics & Track,PRE_SPORT,Running Track Marshal Post,SESS-2026-09-30-CBK-10002,PRE_SPORT_VALIDATED,0.0,0,0.0,Gate 1 Arrival Confirmed,1
79,2026-09-30 09:46:40,2026-09-30,CBK-10002,Sammy Twaem,stwaem@centralbank.go.ke,Mombasa Branch,Athletics & Track,POST_SPORT,Running Track Marshal Post,SESS-2026-09-30-CBK-10002,DUAL_VERIFIED,65.0,1,2500.0,Dual-Verified Session (≥ 45 min threshold met),1
80,2026-09-30 08:25:15,2026-09-30,CBK-3952,Stanley K Mutiga,smutiga@centralbank.go.ke,Human Resources,Scrabble,PRE_SPORT,Board Games Arena,SESS-2026-09-30-CBK-3952,PRE_SPORT_VALIDATED,0.0,0,0.0,Gate 1 Arrival Confirmed,1
81,2026-09-30 09:47:40,2026-09-30,CBK-3952,Stanley K Mutiga,smutiga@centralbank.go.ke,Human Resources,Scrabble,POST_SPORT,Board Games Arena,SESS-2026-09-30-CBK-3952,DUAL_VERIFIED,82.0,1,2500.0,Dual-Verified Session (≥ 45 min threshold met),1
82,2026-09-30 08:21:22,2026-09-30,CBK-3920,Nicholas Kasyoki,nkasyoki@centralbank.go.ke,IT & Digital Services,Swimming,PRE_SPORT,Aquatic Center Desk,SESS-2026-09-30-CBK-3920,PRE_SPORT_VALIDATED,0.0,0,0.0,Active In-Session on Field,1
83,2026-09-30 08:32:15,2026-09-30,CBK-9721,Benson Musyoki,bmusyoki@centralbank.go.ke,Governor's Executive Office,Basketball,PRE_SPORT,Indoor Arena Entrance,SESS-2026-09-30-CBK-9721,PRE_SPORT_VALIDATED,0.0,0,0.0,Gate 1 Arrival Confirmed,1
84,2026-09-30 09:51:40,2026-09-30,CBK-9721,Benson Musyoki,bmusyoki@centralbank.go.ke,Governor's Executive Office,Basketball,POST_SPORT,Indoor Arena Entrance,SESS-2026-09-30-CBK-9721,DUAL_VERIFIED,79.0,1,2500.0,Dual-Verified Session (≥ 45 min threshold met),1
85,2026-09-30 12:16:29,2026-09-30,CBK-3502,Steve Wamagata,swamagata@centralbank.go.ke,IT & Digital Services,Squash,PRE_SPORT,Squash Court 1 Entry,SESS-20260930-SQU,PRE_SPORT_VALIDATED,0.0,AWAITING_POST_GATE,0.0,1-Tap QR mobile submission,0
86,2026-09-30 12:16:43,2026-09-30,CBK-3502,Steve Wamagata,swamagata@centralbank.go.ke,IT & Digital Services,Squash,PRE_SPORT,Squash Court 1 Entry,SESS-20260930-SQU,PRE_SPORT_RECHECK,0.0,AWAITING_POST_GATE,0.0,1-Tap QR mobile submission [Re-check recorded at 2026-09-30 12:16:43],0
87,2026-09-30 12:17:58,2026-09-30,CBK-3425,Mike Ombuna,mombuna@centralbank.go.ke,Bank Supervision,Squash,PRE_SPORT,Squash Court 1 Entry,SESS-20260930-SQU,PRE_SPORT_VALIDATED,0.0,AWAITING_POST_GATE,0.0,1-Tap QR mobile submission,0
88,2026-09-30 13:35:07,2026-09-30,CBK-3428,Samuel Gathigi Njuguna,sgathigi@centralbank.go.ke,IT & Digital Services,Golf,PRE_SPORT,Clubhouse Pro-Shop,SESS-20260930-GOL,PRE_SPORT_RECHECK,0.0,AWAITING_POST_GATE,0.0,1-Tap QR mobile submission [Re-check recorded at 2026-09-30 13:35:07],0
89,2026-09-30 13:35:18,2026-09-30,CBK-3428,Samuel Gathigi Njuguna,sgathigi@centralbank.go.ke,IT & Digital Services,Golf,PRE_SPORT,Clubhouse Pro-Shop,SESS-20260930-GOL,PRE_SPORT_RECHECK,0.0,AWAITING_POST_GATE,0.0,1-Tap QR mobile submission [Re-check recorded at 2026-09-30 13:35:18],0
90,2026-09-30 13:54:13,2026-09-30,CBK-3428,Samuel Gathigi Njuguna,sgathigi@centralbank.go.ke,IT & Digital Services,Golf,PRE_SPORT,Clubhouse Pro-Shop,SESS-20260930-GOL,PRE_SPORT_RECHECK,0.0,AWAITING_POST_GATE,0.0,1-Tap QR mobile submission [Re-check recorded at 2026-09-30 13:54:13],0
91,2026-09-30 13:54:52,2026-09-30,CBK-3377,Sophie Adhiambo Ongalo,songalo@centralbank.go.ke,Kisii Currency Centre,Golf,PRE_SPORT,Clubhouse Pro-Shop,SESS-20260930-GOL,PRE_SPORT_RECHECK,0.0,AWAITING_POST_GATE,0.0,1-Tap QR mobile submission [Re-check recorded at 2026-09-30 13:54:52],0
92,2026-09-30 14:18:21,2026-09-30,CBK-3502,Steve Wamagata,swamagata@centralbank.go.ke,IT & Digital Services,Squash,PRE_SPORT,Squash Court 1 Entry,SESS-20260930-SQU,PRE_SPORT_RECHECK,0.0,AWAITING_POST_GATE,0.0,1-Tap QR mobile submission [Re-check recorded at 2026-09-30 14:18:21],0
93,2026-09-30 14:21:22,2026-09-30,CBK-3502,Steve Wamagata,swamagata@centralbank.go.ke,IT & Digital Services,Squash,PRE_SPORT,Squash Court 1 Entry,SESS-20260930-SQU,PRE_SPORT_RECHECK,0.0,AWAITING_POST_GATE,0.0,1-Tap QR mobile submission [Re-check recorded at 2026-09-30 14:21:22],0
94,2026-09-30 14:23:17,2026-09-30,CBK-3502,Steve Wamagata,swamagata@centralbank.go.ke,IT & Digital Services,Squash,POST_SPORT,Squash Court 1 Entry,SESS-20260930-SQU,DUAL_VERIFIED_SHORT_SESSION,1.9,INSUFFICIENT_DURATION,0.0,1-Tap QR mobile submission [Below Min Threshold: 1.9 mins < 45 mins],0
