index,serial,full_name,role,category,tier,token_id,crypto_sig,masked_id,masked_phone,masked_email,qr_code_file,front_card_file,back_card_file
1,3124,Josiah Achikah Mayieka,BOD - SACCO,BOD / SUPERVISORY / BRANCH REP,EXECUTIVE,BKS-MSA26-B25F3E65,B25F3E65EC4156B6D38F13046E488BC25BEEFE54806E54C4D29C13DDB3F56B30,ID: 216****6,+254 726 *** *40,M***a@centralbank.go.ke,01_3124_Josiah_Achikah_Mayieka_qr.png,01_3124_Josiah_Achikah_Mayieka_front.png,01_3124_Josiah_Achikah_Mayieka_back.png
2,2281,Catherine Sompet Selempo,BOD - SACCO,BOD / SUPERVISORY / BRANCH REP,EXECUTIVE,BKS-MSA26-7C1069F1,7C1069F1718A676995457A0B24A2892FAD334FA933AECB1484337D4A87826208,ID: 110****9,+254 722 *** *39,s***s@centralbank.go.ke,02_2281_Catherine_Sompet_Selempo_qr.png,02_2281_Catherine_Sompet_Selempo_front.png,02_2281_Catherine_Sompet_Selempo_back.png
3,3379,Mwangi Wachira Isaac,BOD - SACCO,BOD / SUPERVISORY / BRANCH REP,EXECUTIVE,BKS-MSA26-2B7F10EE,2B7F10EE729CF307E7AED8CAD0F46BF6868AD8736BB3BB2F19654CEB7C499179,ID: 224****8,+254 721 *** *81,m***w@centralbank.go.ke,03_3379_Mwangi_Wachira_Isaac_qr.png,03_3379_Mwangi_Wachira_Isaac_front.png,03_3379_Mwangi_Wachira_Isaac_back.png
4,3213,Samuel O. Okello,BOD - SACCO,BOD / SUPERVISORY / BRANCH REP,EXECUTIVE,BKS-MSA26-12D16468,12D164686CEEEF2960F1953A7DD0005C2F14F7CD49377EF6F3947361A4306FC3,ID: 205****3,+254 722 *** *49,o***o@centralbank.go.ke,04_3213_Samuel_O_Okello_qr.png,04_3213_Samuel_O_Okello_front.png,04_3213_Samuel_O_Okello_back.png
5,2406,Pius O. Ilavonga,BOD - SACCO,BOD / SUPERVISORY / BRANCH REP,EXECUTIVE,BKS-MSA26-C439CF94,C439CF94C96E8CBA5999B10C48590F5AEA7641512C138458DB5174103B4B86FC,ID: 908****4,+254 722 *** *09,I***O@centralbank.go.ke,05_2406_Pius_O_Ilavonga_qr.png,05_2406_Pius_O_Ilavonga_front.png,05_2406_Pius_O_Ilavonga_back.png
6,3125,Bernard K. Kioko,BOD - SACCO,BOD / SUPERVISORY / BRANCH REP,EXECUTIVE,BKS-MSA26-E70AB07B,E70AB07B7953E32063A106DECD29E9C237F93BF9F3BB9931A7622250DD89411B,ID: 214****6,+254 722 *** *74,k***k@centralbank.go.ke,06_3125_Bernard_K_Kioko_qr.png,06_3125_Bernard_K_Kioko_front.png,06_3125_Bernard_K_Kioko_back.png
7,2849,Rebecca J. Boit,BOD - SACCO,BOD / SUPERVISORY / BRANCH REP,EXECUTIVE,BKS-MSA26-75FFE89D,75FFE89D6061D4E548C31E7D6944A48C46978CA7DCB896805D52FCF79F3A33D4,ID: 215****7,+254 716 *** *15,B***J@centralbank.go.ke,07_2849_Rebecca_J_Boit_qr.png,07_2849_Rebecca_J_Boit_front.png,07_2849_Rebecca_J_Boit_back.png
8,3859,Eric O. Asugo,BOD - SACCO,BOD / SUPERVISORY / BRANCH REP,EXECUTIVE,BKS-MSA26-317BE633,317BE6333C9737E7E96C24BF81A601DBCB01C5B7ED5499A2DCCF19FFEADC438B,ID: 262****7,+254 725 *** *16,a***o@centralbank.go.ke,08_3859_Eric_O_Asugo_qr.png,08_3859_Eric_O_Asugo_front.png,08_3859_Eric_O_Asugo_back.png
9,2581,Victoria W. Kitonga,BOD - SACCO,BOD / SUPERVISORY / BRANCH REP,EXECUTIVE,BKS-MSA26-035F2379,035F2379317F4E303D5615614530947E28EEE91AF62734F17E9C2A4D89A7013E,ID: 113****1,+254 729 *** *43,k***w@centralbank.go.ke,09_2581_Victoria_W_Kitonga_qr.png,09_2581_Victoria_W_Kitonga_front.png,09_2581_Victoria_W_Kitonga_back.png
10,2890,Winfred N. Wambua,SUPERVISORY - SACCO,BOD / SUPERVISORY / BRANCH REP,EXECUTIVE,BKS-MSA26-9C068ECB,9C068ECBB26DF74717E8C4700AC239609F728E0F33FB3CC2FFC34E3057E7E576,ID: 110****0,+254 727 *** *68,W***N@centralbank.go.ke,10_2890_Winfred_N_Wambua_qr.png,10_2890_Winfred_N_Wambua_front.png,10_2890_Winfred_N_Wambua_back.png
11,3661,Bernard O. Musumba,SUPERVISORY - SACCO,BOD / SUPERVISORY / BRANCH REP,EXECUTIVE,BKS-MSA26-7C874D41,7C874D41FAFF8CF7983BED320336DA57760FED89F553A8FF61ECEC394E560867,ID: 222****1,+254 720 *** *94,m***s@centralbank.go.ke,11_3661_Bernard_O_Musumba_qr.png,11_3661_Bernard_O_Musumba_front.png,11_3661_Bernard_O_Musumba_back.png
12,2441,Winsome J. Kossom,SUPERVISORY - SACCO,BOD / SUPERVISORY / BRANCH REP,EXECUTIVE,BKS-MSA26-36D31066,36D310660A60ACE07B1B878B25AAAC4DBD38A60C0FB711F868EF1EF44D1862F2,ID: 107****2,+254 721 *** *94,K***J@centralbank.go.ke,12_2441_Winsome_J_Kossom_qr.png,12_2441_Winsome_J_Kossom_front.png,12_2441_Winsome_J_Kossom_back.png
13,0098,Onchiri Orero Albert,CEO,BOD / SUPERVISORY / BRANCH REP,EXECUTIVE,BKS-MSA26-D1EC09A2,D1EC09A2B05CEF99CC49952ED4DBC19A6D456EDD44E00DB077630F933541FDC1,ID: 217****0,+254 723 *** *46,O***O@centralbank.go.ke,13_0098_Onchiri_Orero_Albert_qr.png,13_0098_Onchiri_Orero_Albert_front.png,13_0098_Onchiri_Orero_Albert_back.png
14,3428,Samuel N. Gathigi,BOD - BHC,BOD / SUPERVISORY / BRANCH REP,EXECUTIVE,BKS-MSA26-4B355C2F,4B355C2FAF170A1696B47651477F3C53EA0D077031B2585E80CF2186E181D37D,ID: 138****9,+254 725 *** *65,G***N@centralbank.go.ke,14_3428_Samuel_N_Gathigi_qr.png,14_3428_Samuel_N_Gathigi_front.png,14_3428_Samuel_N_Gathigi_back.png
15,3350,Stephen M. Wambua,BOD - BHC,BOD / SUPERVISORY / BRANCH REP,EXECUTIVE,BKS-MSA26-89491E39,89491E393043F543696664145D06458D4BBE086E7CA588513D2289B34D2FE013,ID: 200****4,+254 722 *** *92,W***M@centralbank.go.ke,15_3350_Stephen_M_Wambua_qr.png,15_3350_Stephen_M_Wambua_front.png,15_3350_Stephen_M_Wambua_back.png
16,2307,Mercy Ngure,BOD - BHC,BOD / SUPERVISORY / BRANCH REP,EXECUTIVE,BKS-MSA26-2446D62B,2446D62B75EA80365C2BFC9466C5D389DC389BF090E422153813919E3411D322,ID: 913****0,+254 721 *** *74,m***w@centralbank.go.ke,16_2307_Mercy_Ngure_qr.png,16_2307_Mercy_Ngure_front.png,16_2307_Mercy_Ngure_back.png
17,2731,Daniel Kwedho,SUPERVISORY - BHC,BOD / SUPERVISORY / BRANCH REP,EXECUTIVE,BKS-MSA26-046C1B9C,046C1B9CCCCFD41CB5ABD99A594CE6CD3BC61776847041B55D6700141CA98DD1,ID: 130****0,+254 722 *** *06,K***D@centralbank.go.ke,17_2731_Daniel_Kwedho_qr.png,17_2731_Daniel_Kwedho_front.png,17_2731_Daniel_Kwedho_back.png
18,3015,Emmy S. Mwavua,SUPERVISORY - BHC,BOD / SUPERVISORY / BRANCH REP,EXECUTIVE,BKS-MSA26-D332C9C6,D332C9C6FEA2271A09358B05C199560E77FE33FF574EB171004CF536E9C6D09C,ID: 114****9,+254 721 *** *63,M***E@centralbank.go.ke,18_3015_Emmy_S_Mwavua_qr.png,18_3015_Emmy_S_Mwavua_front.png,18_3015_Emmy_S_Mwavua_back.png
19,4042,Joseph S. Olesikamoi,BRANCH REP (Nakuru),BOD / SUPERVISORY / BRANCH REP,EXECUTIVE,BKS-MSA26-F60397DF,F60397DF9B508CEAEDE5B44452A575A56DC198FBE2D3FA4A3214DCB4519AFCAD,ID: 239****8,+254 710 *** *62,o***s@centralbank.go.ke,19_4042_Joseph_S_Olesikamoi_qr.png,19_4042_Joseph_S_Olesikamoi_front.png,19_4042_Joseph_S_Olesikamoi_back.png
20,3677,Richard K. Mmare,BRANCH REP (Nyeri),BOD / SUPERVISORY / BRANCH REP,EXECUTIVE,BKS-MSA26-A5043661,A50436619C5CE01E7164A45E2E22CC0038E991FE8EBC34C6E933BAD4B6C3643C,ID: 275****2,+254 729 *** *75,m***k@centralbank.go.ke,20_3677_Richard_K_Mmare_qr.png,20_3677_Richard_K_Mmare_front.png,20_3677_Richard_K_Mmare_back.png
21,2293,Johnson M. Nyamu,BRANCH REP (Meru),BOD / SUPERVISORY / BRANCH REP,EXECUTIVE,BKS-MSA26-8D37A85E,8D37A85E6197D6A440297BDDA417B289778EBF93C78EDEC8EE28EFEDC6F9EDE9,ID: 101****5,+254 721 *** *19,N***M@centralbank.go.ke,21_2293_Johnson_M_Nyamu_qr.png,21_2293_Johnson_M_Nyamu_front.png,21_2293_Johnson_M_Nyamu_back.png
22,3371,Eric S. Mbitsi,BRANCH REP (Kisumu),BOD / SUPERVISORY / BRANCH REP,EXECUTIVE,BKS-MSA26-C999AE67,C999AE672A3E369664FB9D4F191F6FD314816B32987C013F66F61C5403847A08,ID: 224****0,+254 711 *** *25,m***s@centralbank.go.ke,22_3371_Eric_S_Mbitsi_qr.png,22_3371_Eric_S_Mbitsi_front.png,22_3371_Eric_S_Mbitsi_back.png
23,3143,Muniafu N. Mary,BRANCH REPRESENTATIVE,BOD / SUPERVISORY / BRANCH REP,EXECUTIVE,BKS-MSA26-64A49F47,64A49F47726EDA4F0D8FF5FFE11CF7E6761A1C8D88016125BBC81F5C5F56403E,ID: 109****4,+254 722 *** *15,M***M@centralbank.go.ke,23_3143_Muniafu_N_Mary_qr.png,23_3143_Muniafu_N_Mary_front.png,23_3143_Muniafu_N_Mary_back.png
24,3760,Ngatia Karimi Martin,BRANCH REP (Mombasa),BOD / SUPERVISORY / BRANCH REP,EXECUTIVE,BKS-MSA26-CF89A86D,CF89A86DF7FE1DA6DE17B60577919ED3C373E0703FDBF6E1C7C9B30C11F2320B,ID: 280****3,+254 720 *** *57,k***m@centralbank.go.ke,24_3760_Ngatia_Karimi_Martin_qr.png,24_3760_Ngatia_Karimi_Martin_front.png,24_3760_Ngatia_Karimi_Martin_back.png
25,3674,Flevian Safari Bamba,BRANCH REPRESENTATIVE,BOD / SUPERVISORY / BRANCH REP,EXECUTIVE,BKS-MSA26-C7C3EB41,C7C3EB415C6FD3B5B930DD9858F8F64D0724DA5778A0686430D23DC072DCD9D6,ID: 209****5,+254 724 *** *70,B***S@centralbank.go.ke,25_3674_Flevian_Safari_Bamba_qr.png,25_3674_Flevian_Safari_Bamba_front.png,25_3674_Flevian_Safari_Bamba_back.png
26,3921,Hassan A. Abdikadir,BRANCH REP (Eldoret),BOD / SUPERVISORY / BRANCH REP,EXECUTIVE,BKS-MSA26-9A969BF0,9A969BF0B53BA6926DAF679F103C3ACB097368615FDA156F8D50677E7AE6DCDF,ID: 218****5,+254 720 *** *17,h***a@centralbank.go.ke,26_3921_Hassan_A_Abdikadir_qr.png,26_3921_Hassan_A_Abdikadir_front.png,26_3921_Hassan_A_Abdikadir_back.png
27,3853,Agnes W. Juliet,BRANCH REPRESENTATIVE,BOD / SUPERVISORY / BRANCH REP,EXECUTIVE,BKS-MSA26-68544BB9,68544BB9F64BEC22E3C441FB5AD2E1A7AD2BF3FBE5F0158894B77D67923BE5A8,ID: 301****2,+254 717 *** *42,m***w@centralbank.go.ke,27_3853_Agnes_W_Juliet_qr.png,27_3853_Agnes_W_Juliet_front.png,27_3853_Agnes_W_Juliet_back.png
28,3834,Anthony M. Madundu,BRANCH REP (Kisii),BOD / SUPERVISORY / BRANCH REP,EXECUTIVE,BKS-MSA26-E35A4346,E35A43460623DBFE669D104D3BFE4448C1DCA24FE56A6B7897ABBB1BB1F7B3CC,ID: 296****7,+254 704 *** *75,m***m@centralbank.go.ke,28_3834_Anthony_M_Madundu_qr.png,28_3834_Anthony_M_Madundu_front.png,28_3834_Anthony_M_Madundu_back.png
29,3304,Kenneth M. Ndau,BRANCH REP (KSMS),BOD / SUPERVISORY / BRANCH REP,EXECUTIVE,BKS-MSA26-D79FBFA0,D79FBFA0EFCDDCDB6D86FFEAF72E17BE2921D7C4DD947608C61B7D1B8585495F,ID: 218****0,+254 721 *** *18,n***m@centralbank.go.ke,29_3304_Kenneth_M_Ndau_qr.png,29_3304_Kenneth_M_Ndau_front.png,29_3304_Kenneth_M_Ndau_back.png
30,0031,Patrick Mwanjala Nyambu,SECRETARIAT,SECRETARIAT LEADERSHIP,EXECUTIVE,BKS-MSA26-90BE19EC,90BE19ECE73102FA69F9A61F1E8CA6FE8FA1EEBAEDC45BF525EED10CE3B6D660,ID: 113****6,+254 711 *** *93,N***P@centralbank.go.ke,30_0031_Patrick_Mwanjala_Nyambu_qr.png,30_0031_Patrick_Mwanjala_Nyambu_front.png,30_0031_Patrick_Mwanjala_Nyambu_back.png
31,0100,Wekesa Wanyonyi Robert,SECRETARIAT,SECRETARIAT LEADERSHIP,EXECUTIVE,BKS-MSA26-390AB9DA,390AB9DA15643EDA737EDB099AF892A8BA6BA58AA4333323A148FB5DDECB888E,ID: 205****0,+254 721 *** *53,W***W@centralbank.go.ke,31_0100_Wekesa_Wanyonyi_Robert_qr.png,31_0100_Wekesa_Wanyonyi_Robert_front.png,31_0100_Wekesa_Wanyonyi_Robert_back.png
32,0154,Stellah Natonya Wabwoba,SECRETARIAT,SECRETARIAT LEADERSHIP,EXECUTIVE,BKS-MSA26-C0137A20,C0137A20A63B6E1FF47BB0F6568C0B73DAC4A1AE087BBA13CA28AB859D9F91AE,ID: 279****4,+254 728 *** *32,n***w@centralbank.go.ke,32_0154_Stellah_Natonya_Wabwoba_qr.png,32_0154_Stellah_Natonya_Wabwoba_front.png,32_0154_Stellah_Natonya_Wabwoba_back.png
33,0087,Shavola Opondo Fredrick,SECRETARIAT,SECRETARIAT LEADERSHIP,EXECUTIVE,BKS-MSA26-0D4D5251,0D4D5251837846044053F4951E2770983F2B1FA7D0015EE0F9C50C917902F865,ID: 223****5,+254 728 *** *67,O***F@centralbank.go.ke,33_0087_Shavola_Opondo_Fredrick_qr.png,33_0087_Shavola_Opondo_Fredrick_front.png,33_0087_Shavola_Opondo_Fredrick_back.png
34,0090,Naserian Midolo Josephine,SECRETARIAT,SECRETARIAT LEADERSHIP,EXECUTIVE,BKS-MSA26-374ACB3C,374ACB3CDF4CE0422D994DAA45C4AC6B6515ADB7E8072E7954883485E7A93414,ID: 211****6,+254 722 *** *55,M***N@centralbank.go.ke,34_0090_Naserian_Midolo_Josephine_qr.png,34_0090_Naserian_Midolo_Josephine_front.png,34_0090_Naserian_Midolo_Josephine_back.png
35,0089,Ndatho Kirugi Johan,SECRETARIAT,SECRETARIAT LEADERSHIP,EXECUTIVE,BKS-MSA26-C48A89E8,C48A89E81DAE21A7466584090E0B8256086B7E3BEA8B18499CABBB77B510C46A,ID: 212****3,+254 716 *** *69,N***K@centralbank.go.ke,35_0089_Ndatho_Kirugi_Johan_qr.png,35_0089_Ndatho_Kirugi_Johan_front.png,35_0089_Ndatho_Kirugi_Johan_back.png
36,0179,Kiplagat Kibet Kipsuge,SECRETARIAT,SECRETARIAT LEADERSHIP,EXECUTIVE,BKS-MSA26-F57F4BEF,F57F4BEF71D863D97D6AD7ED65D2712515B2946E911F5CC138295DC319D15F94,ID: 283****2,+254 710 *** *62,k***k@centralbank.go.ke,36_0179_Kiplagat_Kibet_Kipsuge_qr.png,36_0179_Kiplagat_Kibet_Kipsuge_front.png,36_0179_Kiplagat_Kibet_Kipsuge_back.png
37,0121,Saline Atieno Odago,SECRETARIAT,SECRETARIAT LEADERSHIP,EXECUTIVE,BKS-MSA26-3158C7D2,3158C7D2646AFE0287DB327DC3C303B4AD2A514BAD00D599E67866584F5A001E,ID: 222****8,+254 722 *** *76,A***S@centralbank.go.ke,37_0121_Saline_Atieno_Odago_qr.png,37_0121_Saline_Atieno_Odago_front.png,37_0121_Saline_Atieno_Odago_back.png
38,0097,Ndegwa Moses,SECRETARIAT,SECRETARIAT LEADERSHIP,EXECUTIVE,BKS-MSA26-68AB0AC8,68AB0AC8FDFACFD854B8E0F005E05B7FC47308CAE63608F26A72906A51C386C8,ID: 205****7,+254 722 *** *56,N***M@centralbank.go.ke,38_0097_Ndegwa_Moses_qr.png,38_0097_Ndegwa_Moses_front.png,38_0097_Ndegwa_Moses_back.png
39,0091,Ogega Onkoba Walter,SECRETARIAT,SECRETARIAT LEADERSHIP,EXECUTIVE,BKS-MSA26-02EAC3D8,02EAC3D8CE5DFFA90B77E684BBAF13B51ADCA28F1DF6E107A56755D2CBBC97D2,ID: 225****3,+254 726 *** *68,O***O@centralbank.go.ke,39_0091_Ogega_Onkoba_Walter_qr.png,39_0091_Ogega_Onkoba_Walter_front.png,39_0091_Ogega_Onkoba_Walter_back.png
40,0155,Samwel Odoyo Maumbe,SECRETARIAT,SECRETARIAT LEADERSHIP,EXECUTIVE,BKS-MSA26-41FC8DEC,41FC8DEC05CB8C149026257F3B41F45E3AED3689C7676FB644E4556DDC701FC1,ID: 271****5,+254 712 *** *49,m***o@centralbank.go.ke,40_0155_Samwel_Odoyo_Maumbe_qr.png,40_0155_Samwel_Odoyo_Maumbe_front.png,40_0155_Samwel_Odoyo_Maumbe_back.png
41,0140,Lucy Ndinda Jonathan,SECRETARIAT,SECRETARIAT LEADERSHIP,EXECUTIVE,BKS-MSA26-88167B3D,88167B3DFBBA6691198D50D0106A54A55C5230293C46B75F2FE49832F2B6EA3D,ID: 295****2,+254 726 *** *46,j***n@centralbank.go.ke,41_0140_Lucy_Ndinda_Jonathan_qr.png,41_0140_Lucy_Ndinda_Jonathan_front.png,41_0140_Lucy_Ndinda_Jonathan_back.png
42,0157,Mr Alfred Kipkosgei,SECRETARIAT,SECRETARIAT LEADERSHIP,EXECUTIVE,BKS-MSA26-8E90C99A,8E90C99AEB2D3CB410FC511519577E0D3F23E9EF57D0FB5BE77F1C446AC6DEAB,ID: 234****2,+254 726 *** *38,k***a@centralbank.go.ke,42_0157_Mr_Alfred_Kipkosgei_qr.png,42_0157_Mr_Alfred_Kipkosgei_front.png,42_0157_Mr_Alfred_Kipkosgei_back.png
43,0094,Valery Ambani,SECRETARIAT,SECRETARIAT LEADERSHIP,EXECUTIVE,BKS-MSA26-627E66AE,627E66AE677F5ADDAB17A116F10B1743C57E0AE3F5DEA0AE374E9FFDFA90E204,ID: 247****5,+254 726 *** *29,A***V@centralbank.go.ke,43_0094_Valery_Ambani_qr.png,43_0094_Valery_Ambani_front.png,43_0094_Valery_Ambani_back.png
44,0102,Gekonge Monari Godfrey,SECRETARIAT,SECRETARIAT LEADERSHIP,EXECUTIVE,BKS-MSA26-46048DE4,46048DE4E18FD969FC211C94B3AC1107A15AD97A79AD1BEA9A9A14637ED49F9A,ID: 257****5,+254 728 *** *66,G***M@centralbank.go.ke,44_0102_Gekonge_Monari_Godfrey_qr.png,44_0102_Gekonge_Monari_Godfrey_front.png,44_0102_Gekonge_Monari_Godfrey_back.png
45,0167,Kenvis Kinoti,SECRETARIAT,SECRETARIAT LEADERSHIP,EXECUTIVE,BKS-MSA26-845B0C87,845B0C8745517FA29817AAC880662DD8C2E61C22FF1EEF4B08B54CAA4D32C051,ID: 251****1,+254 720 *** *64,k***k@centralbank.go.ke,45_0167_Kenvis_Kinoti_qr.png,45_0167_Kenvis_Kinoti_front.png,45_0167_Kenvis_Kinoti_back.png
46,0166,Robin Kisero,SECRETARIAT,SECRETARIAT LEADERSHIP,EXECUTIVE,BKS-MSA26-A49B7D93,A49B7D93E399557E4E01A10B06907AA010441A833F7D5FCCC1A1F4A9A1620A4F,ID: 272****5,+254 727 *** *83,k***o@centralbank.go.ke,46_0166_Robin_Kisero_qr.png,46_0166_Robin_Kisero_front.png,46_0166_Robin_Kisero_back.png
47,0164,Phylis Mwengei,SECRETARIAT,SECRETARIAT LEADERSHIP,EXECUTIVE,BKS-MSA26-16D80FF6,16D80FF68B8790303CEFD7842B39E83F80103BD7C475480AB95B1E18544ACE83,ID: 326****5,+254 700 *** *83,m***m@centralbank.go.ke,47_0164_Phylis_Mwengei_qr.png,47_0164_Phylis_Mwengei_front.png,47_0164_Phylis_Mwengei_back.png
48,0165,Ronald Ogoti,SECRETARIAT,SECRETARIAT LEADERSHIP,EXECUTIVE,BKS-MSA26-622D3121,622D3121F91785D48B565C369FFBB73BB00CF2B9F7A1A2FF9743213F3F8342A1,ID: 293****0,+254 724 *** *29,o***n@centralbank.go.ke,48_0165_Ronald_Ogoti_qr.png,48_0165_Ronald_Ogoti_front.png,48_0165_Ronald_Ogoti_back.png
49,BHC0003,Maureen Ndiema,BHC,SECRETARIAT LEADERSHIP,EXECUTIVE,BKS-MSA26-9DCFF00D,9DCFF00D62773758D0BF497BAC753E227785A163E104C7AFD39339A19D6A557D,ID: 306****3,+254 710 *** *47,n***c@centralbank.go.ke,49_BHC0003_Maureen_Ndiema_qr.png,49_BHC0003_Maureen_Ndiema_front.png,49_BHC0003_Maureen_Ndiema_back.png
50,0163,Esther Wainaina,SECRETARIAT,SECRETARIAT LEADERSHIP,EXECUTIVE,BKS-MSA26-BCE0C420,BCE0C420DCE381A582BA2AF0038307E830864DDB48D5A842A2E5FFD51F94D4D3,ID: 293****7,+254 796 *** *44,w***w@centralbank.go.ke,50_0163_Esther_Wainaina_qr.png,50_0163_Esther_Wainaina_front.png,50_0163_Esther_Wainaina_back.png
51,0162,Abigael Rotich,SECRETARIAT,SECRETARIAT LEADERSHIP,EXECUTIVE,BKS-MSA26-2155CC32,2155CC325CE8D42EF600EC4B9E776C37AC5E7F38269B4E3637CDC5412A35C69B,ID: 324****4,+254 707 *** *38,r***c@centralbank.go.ke,51_0162_Abigael_Rotich_qr.png,51_0162_Abigael_Rotich_front.png,51_0162_Abigael_Rotich_back.png
52,0025,Samuel Mwendwa,INTERN,SECRETARIAT LEADERSHIP,SUPPORT,BKS-MSA26-0BAD19EC,0BAD19EC6E97F8BB8FFF72E2F5A02EEDB609D8B14EE4B39725633AB778243EDF,ID: 416****1,+254 769 *** *09,Encrypted Record,52_0025_Samuel_Mwendwa_qr.png,52_0025_Samuel_Mwendwa_front.png,52_0025_Samuel_Mwendwa_back.png
53,0026,Maxwel M. Muema,INTERN,SECRETARIAT LEADERSHIP,SUPPORT,BKS-MSA26-4650CC9B,4650CC9BDF94F1B06C252064EE7292BC505B7F31BA276022A68DA8C0C84FE788,ID: 413****1,+254 746 *** *59,Encrypted Record,53_0026_Maxwel_M_Muema_qr.png,53_0026_Maxwel_M_Muema_front.png,53_0026_Maxwel_M_Muema_back.png
54,0112,Moses Kago,CANTEEN STAFF,OPERATIONS & HOSPITALITY,OPERATIONS,BKS-MSA26-CDE51254,CDE512549C4791A7F342990DE72D45727E1983BE7A47C72B5598D932CC2A0487,ID: 297****3,+254 429 *** *73,k***m@centralbank.go.ke,54_0112_Moses_Kago_qr.png,54_0112_Moses_Kago_front.png,54_0112_Moses_Kago_back.png
55,0129,Clarice Majala,CANTEEN STAFF,OPERATIONS & HOSPITALITY,OPERATIONS,BKS-MSA26-92C952A1,92C952A12A00CF4EDF67B0595947000C339F41A130799C00D031A2D815C9511E,ID: 136****1,+254 413 *** *61,m***c@centralbank.go.ke,55_0129_Clarice_Majala_qr.png,55_0129_Clarice_Majala_front.png,55_0129_Clarice_Majala_back.png
56,0170,Kennedy Mwangi,CANTEEN STAFF,OPERATIONS & HOSPITALITY,OPERATIONS,BKS-MSA26-FBD49FD8,FBD49FD8396F9DD15F289CF2EAD431E6F04C855E2D820D37CC21F313BFB8CD2B,ID: 283****5,+254 428 *** *65,N***m@centralbank.go.ke,56_0170_Kennedy_Mwangi_qr.png,56_0170_Kennedy_Mwangi_front.png,56_0170_Kennedy_Mwangi_back.png
57,0141,Rotich kipkemoi Elijah,CANTEEN STAFF,OPERATIONS & HOSPITALITY,OPERATIONS,BKS-MSA26-A151FFA3,A151FFA38E745092B7639028B1137AC4BDED98CE1C3ABA3E97CF69F20C0ACE32,ID: 256****4,+254 425 *** *94,r***e@centralbank.go.ke,57_0141_Rotich_kipkemoi_Elijah_qr.png,57_0141_Rotich_kipkemoi_Elijah_front.png,57_0141_Rotich_kipkemoi_Elijah_back.png
58,0103,Anindo Khatioli Catherine,CANTEEN STAFF,OPERATIONS & HOSPITALITY,OPERATIONS,BKS-MSA26-339AE77D,339AE77D68F43AC7A589C7DBA0984860676AAE3ED0F48A230AF68265405B5F8D,ID: 248****4,+254 424 *** *74,a***e@yahoo.com,58_0103_Anindo_Khatioli_Catherine_qr.png,58_0103_Anindo_Khatioli_Catherine_front.png,58_0103_Anindo_Khatioli_Catherine_back.png
59,0104,Jepkoech kipsang,CANTEEN STAFF,OPERATIONS & HOSPITALITY,OPERATIONS,BKS-MSA26-DFB53E6B,DFB53E6B85A8A61373852E67707A3CC4D13DD096E4112BAFA2309A42BE359B98,ID: 201****9,+254 420 *** *49,b***g@gmail.com,59_0104_Jepkoech_kipsang_qr.png,59_0104_Jepkoech_kipsang_front.png,59_0104_Jepkoech_kipsang_back.png
60,0110,Philip kirui,CANTEEN STAFF,OPERATIONS & HOSPITALITY,OPERATIONS,BKS-MSA26-1FE01001,1FE0100191ABA15189E4854942D00DBEAB90066B299F8A5005A1295884DEA562,ID: 274****2,+254 427 *** *52,p***6@gmail.com,60_0110_Philip_kirui_qr.png,60_0110_Philip_kirui_front.png,60_0110_Philip_kirui_back.png
61,0117,Martin Wachira,CANTEEN STAFF,OPERATIONS & HOSPITALITY,OPERATIONS,BKS-MSA26-53E4B67D,53E4B67D1925279AAAAFCBCDB4B1AA981A46B1892798ADBB43F71DAA53F5EC4C,ID: 236****5,+254 423 *** *35,n***n@yahoo.com,61_0117_Martin_Wachira_qr.png,61_0117_Martin_Wachira_front.png,61_0117_Martin_Wachira_back.png
62,0119,Makau musili,CANTEEN STAFF,OPERATIONS & HOSPITALITY,OPERATIONS,BKS-MSA26-A6E67DE8,A6E67DE877F27E1590552A3A4BFD4D769E83DE0B55D55B095F374D2328D9E41A,ID: 223****7,+254 422 *** *27,m***6@gmail.com,62_0119_Makau_musili_qr.png,62_0119_Makau_musili_front.png,62_0119_Makau_musili_back.png
63,0124,Veronica wangeci njiru,CANTEEN STAFF,OPERATIONS & HOSPITALITY,OPERATIONS,BKS-MSA26-A566E7B9,A566E7B92DF502F69294FE55E7E3478DA83925DA600CD875EC89D6D6AA51BED2,ID: 251****3,+254 425 *** *13,v***u@gmail.com,63_0124_Veronica_wangeci_njiru_qr.png,63_0124_Veronica_wangeci_njiru_front.png,63_0124_Veronica_wangeci_njiru_back.png
64,0127,Judith Akinyi Odera,CANTEEN STAFF,OPERATIONS & HOSPITALITY,OPERATIONS,BKS-MSA26-71F5957F,71F5957F460313FA1F29ED5AEBBAFF0BD725A4DF8CA7E65188E3776E41FD918F,ID: 286****6,+254 428 *** *36,j***9@gmail.com,64_0127_Judith_Akinyi_Odera_qr.png,64_0127_Judith_Akinyi_Odera_front.png,64_0127_Judith_Akinyi_Odera_back.png
65,0134,Judith Ojwang,CANTEEN STAFF,OPERATIONS & HOSPITALITY,OPERATIONS,BKS-MSA26-0C1A3507,0C1A35075BC6ADD2ADE22342E0C72FFCA98A90A974B2CA35F6711E5228B3D905,ID: 274****9,+254 427 *** *99,o***y@gmail.com,65_0134_Judith_Ojwang_qr.png,65_0134_Judith_Ojwang_front.png,65_0134_Judith_Ojwang_back.png
66,0137,Maureen Plapan,CANTEEN STAFF,OPERATIONS & HOSPITALITY,OPERATIONS,BKS-MSA26-B2EEDAD1,B2EEDAD1064A2C0CC2DACB226D9C36F0E452B2E1EC1AD8AB92878279D560A75D,ID: 314****0,+254 431 *** *20,Encrypted Record,66_0137_Maureen_Plapan_qr.png,66_0137_Maureen_Plapan_front.png,66_0137_Maureen_Plapan_back.png
67,0138,Susan Njuki,CANTEEN STAFF,OPERATIONS & HOSPITALITY,OPERATIONS,BKS-MSA26-8C9D820D,8C9D820D996B91527DD535C6B86E880726221C2DBA475FEA1DE1D6BC9BBC8DCF,ID: 223****9,+254 422 *** *29,s***4@gmail.com,67_0138_Susan_Njuki_qr.png,67_0138_Susan_Njuki_front.png,67_0138_Susan_Njuki_back.png
68,0142,Lilian kemunto ongoncho,CANTEEN STAFF,OPERATIONS & HOSPITALITY,OPERATIONS,BKS-MSA26-7842D30A,7842D30A2BAF6FCE53CFFBED3D503DBBB64599DB49E7523B4B0BA64D5D5EB114,ID: 241****5,+254 424 *** *55,l***o@gmail.com,68_0142_Lilian_kemunto_ongoncho_qr.png,68_0142_Lilian_kemunto_ongoncho_front.png,68_0142_Lilian_kemunto_ongoncho_back.png
69,0144,Julius  Owino,CANTEEN STAFF,OPERATIONS & HOSPITALITY,OPERATIONS,BKS-MSA26-6C114BB6,6C114BB6671DDA90A0E8E692B88C57F72BE1BD08FF7DE83178D189339BEDE389,ID: 202****8,+254 420 *** *48,Encrypted Record,69_0144_Julius_Owino_qr.png,69_0144_Julius_Owino_front.png,69_0144_Julius_Owino_back.png
70,0145,Judith Imari  Imbuga,CANTEEN STAFF,OPERATIONS & HOSPITALITY,OPERATIONS,BKS-MSA26-818C099D,818C099DB1D443C507019571CC009D8C4294BE6E39BD708272B5596E8F5C27BE,ID: 306****5,+254 430 *** *25,i***h@yahoo.com,70_0145_Judith_Imari_Imbuga_qr.png,70_0145_Judith_Imari_Imbuga_front.png,70_0145_Judith_Imari_Imbuga_back.png
71,0146,FRIDAH MUKWANJAGI,CANTEEN STAFF,OPERATIONS & HOSPITALITY,OPERATIONS,BKS-MSA26-5F0517C5,5F0517C5347450ED3F07176B31B49BCDA854C21C566E926A716CD5C3BAFF1351,ID: 146****7,+254 414 *** *87,f***i@gmail.com,71_0146_FRIDAH_MUKWANJAGI_qr.png,71_0146_FRIDAH_MUKWANJAGI_front.png,71_0146_FRIDAH_MUKWANJAGI_back.png
72,0147,Elizabeth  Simeon,CANTEEN STAFF,OPERATIONS & HOSPITALITY,OPERATIONS,BKS-MSA26-882DF0CD,882DF0CD4A5D7944F7887C1B4970D126C96EEC641540A5A308297BA7C5D19B31,ID: 274****1,+254 427 *** *61,e***9@gmail.com,72_0147_Elizabeth_Simeon_qr.png,72_0147_Elizabeth_Simeon_front.png,72_0147_Elizabeth_Simeon_back.png
73,0148,Lilian nyambura kiruthu,CANTEEN STAFF,OPERATIONS & HOSPITALITY,OPERATIONS,BKS-MSA26-5A19FF71,5A19FF710C3FC8593F72C1B838163D13770F68F4F185BD21522DF57C0D5DB172,ID: 272****6,+254 427 *** *26,l***a@gmail.com,73_0148_Lilian_nyambura_kiruthu_qr.png,73_0148_Lilian_nyambura_kiruthu_front.png,73_0148_Lilian_nyambura_kiruthu_back.png
74,0149,Caroline Aoko OKENYU,CANTEEN STAFF,OPERATIONS & HOSPITALITY,OPERATIONS,BKS-MSA26-C1D156E9,C1D156E98510E8BF9D843866F3398EFD670CCA787804A01871B2F5EDC97A1FD3,ID: 269****5,+254 426 *** *75,u***r@gmail.com,74_0149_Caroline_Aoko_OKENYU_qr.png,74_0149_Caroline_Aoko_OKENYU_front.png,74_0149_Caroline_Aoko_OKENYU_back.png
75,0153,Agness Gesare Ogutu,CANTEEN STAFF,OPERATIONS & HOSPITALITY,OPERATIONS,BKS-MSA26-55E6E8CD,55E6E8CD48FB4D5A58B401B321666FAAED8FD788AA3EAF71B8C51997BC2E6B3B,ID: 215****1,+254 421 *** *91,o***e@gmail.com,75_0153_Agness_Gesare_Ogutu_qr.png,75_0153_Agness_Gesare_Ogutu_front.png,75_0153_Agness_Gesare_Ogutu_back.png
76,0151,Caren Cherotich,CANTEEN STAFF,OPERATIONS & HOSPITALITY,OPERATIONS,BKS-MSA26-400D3C43,400D3C433259A8FB103A956A58DC0CC700ADFC428F5826812A1340E1025351E2,ID: 298****1,+254 429 *** *41,c***3@gmail,76_0151_Caren_Cherotich_qr.png,76_0151_Caren_Cherotich_front.png,76_0151_Caren_Cherotich_back.png
77,0160,Everline kilisia Auyuya,CANTEEN STAFF,OPERATIONS & HOSPITALITY,OPERATIONS,BKS-MSA26-3735E2FD,3735E2FD34CB6A5E1BBCEFE6B0CCB43D7C19A6F434ECEF5173F9139D2DC52D75,ID: 223****8,+254 422 *** *28,e***a@gmail.com,77_0160_Everline_kilisia_Auyuya_qr.png,77_0160_Everline_kilisia_Auyuya_front.png,77_0160_Everline_kilisia_Auyuya_back.png
78,0161,Gedion mutwota muli,CANTEEN STAFF,OPERATIONS & HOSPITALITY,OPERATIONS,BKS-MSA26-39EFC8ED,39EFC8ED86D410532B55D8713522ED683632396AD7525219E70AC888A3851B5F,ID: 284****2,+254 428 *** *92,g***i@gmail.com,78_0161_Gedion_mutwota_muli_qr.png,78_0161_Gedion_mutwota_muli_front.png,78_0161_Gedion_mutwota_muli_back.png
79,0168,Dennis Mutinda,CANTEEN STAFF,OPERATIONS & HOSPITALITY,OPERATIONS,BKS-MSA26-3556AA3D,3556AA3D67335AEFB0A06F69E131C4425B0CEE1468A81AAEAC1B495F37A7B884,ID: 343****9,+254 434 *** *59,d***a@gmail.com,79_0168_Dennis_Mutinda_qr.png,79_0168_Dennis_Mutinda_front.png,79_0168_Dennis_Mutinda_back.png
80,0172,Juliet Mukami Gitari,CANTEEN STAFF,OPERATIONS & HOSPITALITY,OPERATIONS,BKS-MSA26-FA626A81,FA626A81C9A88501AE9B8ECA1EAC61C3F396C6C149D3FB2B0D0035F393498064,ID: 277****0,+254 427 *** *00,j***7@gmail.com,80_0172_Juliet_Mukami_Gitari_qr.png,80_0172_Juliet_Mukami_Gitari_front.png,80_0172_Juliet_Mukami_Gitari_back.png
81,0176,Stellah jeptoo,CANTEEN STAFF,OPERATIONS & HOSPITALITY,OPERATIONS,BKS-MSA26-2AA497C5,2AA497C54C022297CEB7B671B5ACAB00C2527612C0310FA20BB77CE24E7DCAE8,ID: 287****7,+254 428 *** *17,s***9@gmail.com,81_0176_Stellah_jeptoo_qr.png,81_0176_Stellah_jeptoo_front.png,81_0176_Stellah_jeptoo_back.png
82,0173,Sheila Moraa,CANTEEN STAFF,OPERATIONS & HOSPITALITY,OPERATIONS,BKS-MSA26-C40837E1,C40837E162BDD3DA67B3000927D1825784EFE998689D3351FC9C74233816713B,ID: 352****4,+254 435 *** *84,n***8@gmail.com,82_0173_Sheila_Moraa_qr.png,82_0173_Sheila_Moraa_front.png,82_0173_Sheila_Moraa_back.png
83,0169,Tony Aroko Asugo,CANTEEN STAFF,OPERATIONS & HOSPITALITY,OPERATIONS,BKS-MSA26-57A787CB,57A787CB6B85568F37738B9FB817F411AD6BEAE957B3D01B678A659790508DE7,ID: 373****0,+254 437 *** *60,t***1@gmail.com,83_0169_Tony_Aroko_Asugo_qr.png,83_0169_Tony_Aroko_Asugo_front.png,83_0169_Tony_Aroko_Asugo_back.png
84,0174,Belinda kokonya,CANTEEN STAFF,OPERATIONS & HOSPITALITY,OPERATIONS,BKS-MSA26-1E8C5BAC,1E8C5BAC347B2A5B63AC23A85F8383A3EB2C4059F2C1F98652AE4E2278214A32,ID: 285****6,+254 428 *** *76,b***o@gmail.com,84_0174_Belinda_kokonya_qr.png,84_0174_Belinda_kokonya_front.png,84_0174_Belinda_kokonya_back.png
85,0175,Boniface Saruni Midolu,CANTEEN STAFF,OPERATIONS & HOSPITALITY,OPERATIONS,BKS-MSA26-997EA2D0,997EA2D050D0F11A92E928DD069813CE21E15FD12263FACCC6B77064D6A80836,ID: 371****6,+254 437 *** *16,b***1@gmail.com,85_0175_Boniface_Saruni_Midolu_qr.png,85_0175_Boniface_Saruni_Midolu_front.png,85_0175_Boniface_Saruni_Midolu_back.png
86,CASUAL,shadrack M. Muithi,CASUAL,OPERATIONS & HOSPITALITY,OPERATIONS,BKS-MSA26-82491E37,82491E376D5D3D92FF0B258EC90E15731BC5417FD269818D9AB33EBB4540CB92,ID: 221****9,+254 422 *** *19,Encrypted Record,86_CASUAL_shadrack_M_Muithi_qr.png,86_CASUAL_shadrack_M_Muithi_front.png,86_CASUAL_shadrack_M_Muithi_back.png
87,CASUAL,Josephine Moraa,CASUAL,OPERATIONS & HOSPITALITY,OPERATIONS,BKS-MSA26-A62D82B0,A62D82B09111E783B305FB5D16D9730A6E4E2481F5693A55003E6B3C1FFAFA07,ID: 256****3,+254 425 *** *23,Encrypted Record,87_CASUAL_Josephine_Moraa_qr.png,87_CASUAL_Josephine_Moraa_front.png,87_CASUAL_Josephine_Moraa_back.png
88,CASUAL,Judith Chemutai,CASUAL,OPERATIONS & HOSPITALITY,OPERATIONS,BKS-MSA26-2DAD99ED,2DAD99ED47AB70F7DB1735AAB89EE82E239C4D7A30F88B01F2A5903E4BDD11C6,ID: 242****2,+254 424 *** *12,Encrypted Record,88_CASUAL_Judith_Chemutai_qr.png,88_CASUAL_Judith_Chemutai_front.png,88_CASUAL_Judith_Chemutai_back.png
89,CASUAL,Samuel Anzaya Isabwa,CASUAL,OPERATIONS & HOSPITALITY,OPERATIONS,BKS-MSA26-6B2AA0D1,6B2AA0D16A2742368EAC15F4A69006DAAE3915C85635794EA87B361844BF0037,ID: 222****0,+254 422 *** *50,Encrypted Record,89_CASUAL_Samuel_Anzaya_Isabwa_qr.png,89_CASUAL_Samuel_Anzaya_Isabwa_front.png,89_CASUAL_Samuel_Anzaya_Isabwa_back.png
90,CASUAL,Andrine Wangai Nderi,CASUAL,OPERATIONS & HOSPITALITY,OPERATIONS,BKS-MSA26-C56D6846,C56D68461A5AE40676A2F9B9A4075CBABF74D4046DBB5F30F8E9FC067CAE28C3,ID: 220****7,+254 422 *** *57,Encrypted Record,90_CASUAL_Andrine_Wangai_Nderi_qr.png,90_CASUAL_Andrine_Wangai_Nderi_front.png,90_CASUAL_Andrine_Wangai_Nderi_back.png
91,CASUAL,Paul Wachira kinyua,CASUAL,OPERATIONS & HOSPITALITY,OPERATIONS,BKS-MSA26-DC5FE8DC,DC5FE8DC46905FD3C9C575DAC7D395EA2C48B626F6A31FC12F96E2CAD8B179F2,ID: 201****5,+254 420 *** *65,Encrypted Record,91_CASUAL_Paul_Wachira_kinyua_qr.png,91_CASUAL_Paul_Wachira_kinyua_front.png,91_CASUAL_Paul_Wachira_kinyua_back.png
92,CASUAL,Barnabus Akwela,CASUAL,OPERATIONS & HOSPITALITY,OPERATIONS,BKS-MSA26-989C6701,989C6701F80BA15DCF6E4F14EC19314AFF80F26338A3814E740D81D0F2013F4A,ID: 387****3,+254 438 *** *43,Encrypted Record,92_CASUAL_Barnabus_Akwela_qr.png,92_CASUAL_Barnabus_Akwela_front.png,92_CASUAL_Barnabus_Akwela_back.png
93,CASUAL,WYCLIFF ODUOR OMWARE,CASUAL,OPERATIONS & HOSPITALITY,OPERATIONS,BKS-MSA26-F86974AD,F86974AD1ADAEA02EC4DC55AD4689BE5B11836CA1B1D5C908103E1678B9B479F,ID: 300****8,+254 430 *** *28,Encrypted Record,93_CASUAL_WYCLIFF_ODUOR_OMWARE_qr.png,93_CASUAL_WYCLIFF_ODUOR_OMWARE_front.png,93_CASUAL_WYCLIFF_ODUOR_OMWARE_back.png
94,CASUAL,Vivian Adongo,CASUAL,OPERATIONS & HOSPITALITY,OPERATIONS,BKS-MSA26-1502C993,1502C9938D3A389F3BCF33247CBCB408830AB8F5DCEC2FB9F867DA5858EEB081,ID: 257****6,+254 425 *** *66,Encrypted Record,94_CASUAL_Vivian_Adongo_qr.png,94_CASUAL_Vivian_Adongo_front.png,94_CASUAL_Vivian_Adongo_back.png
95,CASUAL,Antony ndogo,CASUAL,OPERATIONS & HOSPITALITY,OPERATIONS,BKS-MSA26-4CA5B2A5,4CA5B2A53F84ECC04F4A0D94F85CEA9B6F5D4CF41B592B48FC363EF98257DB01,ID: 266****4,+254 426 *** *74,Encrypted Record,95_CASUAL_Antony_ndogo_qr.png,95_CASUAL_Antony_ndogo_front.png,95_CASUAL_Antony_ndogo_back.png
