Ledger_Date,Loan_Account_No,ODPC_Member_Token,Product_Code,Product_Name,Principal_Disbursed_KES,Current_Principal_Balance_KES,Weekly_Expected_KES,Weekly_Actual_Paid_KES,Days_Past_Due_DPD,Predicted_PD_Pct,Early_Warning_Flag,Guarantor_Cover_Ratio,Branch_Code
2025-10-24,HTS-LN-1001,TKN-SHA256-482109,TEA-FARM,Tea Bonus Advance Facility,1800000.00,1420000.00,28000.00,28000.00,0,0.38%,NORMAL_PASS,3.8x,KERICHO_CENTRAL
2025-10-24,HTS-LN-1002,TKN-SHA256-773129,AGRI-MCH,Tractor Asset Finance,3600000.00,2950000.00,55000.00,0.00,18,7.45%,EARLY_DISTRESS_D18,1.3x,BOMET_BRANCH
2025-10-24,HTS-LN-1003,TKN-SHA256-119283,MSME-WCP,Fertilizer Stock Working Capital,850000.00,510000.00,18500.00,18500.00,0,0.45%,NORMAL_PASS,2.6x,NANDI_HILLS
2025-10-24,HTS-LN-1004,TKN-SHA256-992014,SAL-CHK,Teacher Salary Checkoff Loan,1200000.00,780000.00,22000.00,22000.00,0,0.22%,NORMAL_PASS,4.2x,KAPSOKIT_BR
2025-10-24,HTS-LN-1005,TKN-SHA256-339102,DAIRY-DEV,Commercial Dairy Cow Development,650000.00,490000.00,14000.00,0.00,35,14.80%,WATCH_SUBSTANDARD,1.1x,SOTIK_BRANCH
2025-10-24,HTS-LN-1006,TKN-SHA256-654812,TEA-FARM,Smallholder Green Leaf Expansion,400000.00,180000.00,9500.00,9500.00,0,0.35%,NORMAL_PASS,3.1x,LITEIN_BRANCH
2025-10-24,HTS-LN-1007,TKN-SHA256-881273,COMM-TRK,Green Leaf Transport Canter Truck,4200000.00,3650000.00,72000.00,25000.00,12,5.10%,EARLY_DISTRESS_D12,1.5x,KERICHO_CENTRAL
2025-10-24,HTS-LN-1008,TKN-SHA256-224491,MSME-RET,Retail General Store Expansion,500000.00,120000.00,12000.00,0.00,42,18.20%,WATCH_SUBSTANDARD,0.9x,BURETI_BRANCH
2025-10-24,HTS-LN-1009,TKN-SHA256-441198,EMRG-SCH,Secondary School Fees Loan,180000.00,45000.00,15000.00,15000.00,0,0.28%,NORMAL_PASS,4.5x,KAPSOKIT_BR
2025-10-24,HTS-LN-1010,TKN-SHA256-993812,SOLAR-SYS,Off-Grid Factory Solar Installation,2800000.00,2450000.00,48000.00,48000.00,0,0.52%,NORMAL_PASS,2.8x,NANDI_HILLS
