Posting_Date,GL_Account_No,GL_Account_Name,Gen_Posting_Type,Document_No,Debit_Amount_KES,Credit_Amount_KES,Running_Balance_KES,Dimension_Branch,ODPC_Member_Ref
2025-12-31,10100,Cash and Bank Balances,Settlement,DOC-2025-12001,1840000000.00,0.00,1840000000.00,NAIROBI_HQ,INTERNAL_OPS
2025-12-31,10200,Treasury Bills (91-Day & 182-Day),Liquid_Reserves,DOC-2025-12002,2350000000.00,0.00,4190000000.00,CENTRAL_TREASURY,INTERNAL_OPS
2025-12-31,10300,Gross Loans to Members (BOSA Normal),Asset_Portfolio,DOC-2025-12003,7450000000.00,0.00,7450000000.00,RETAIL_CREDIT,MBR-**8492-KE
2025-12-31,10310,Gross Loans to Members (FOSA Advances),Asset_Portfolio,DOC-2025-12004,2650000000.00,0.00,2650000000.00,FOSA_CREDIT,MBR-**1104-KE
2025-12-31,10320,Gross Loans to Members (Asset Finance & Mortgages),Asset_Portfolio,DOC-2025-12005,1850000000.00,0.00,1850000000.00,SPECIALIZED_LOANS,MBR-**9923-KE
2025-12-31,10390,Allowance for Expected Credit Losses (IFRS 9),Impairment_Contra,DOC-2025-12006,0.00,460000000.00,-460000000.00,RISK_PROVISIONING,INTERNAL_AUDIT
2025-12-31,20100,Non-Withdrawable Member Deposits (BOSA Shares),Liability_Deposits,DOC-2025-12007,0.00,8650000000.00,8650000000.00,BOSA_OPERATIONS,MBR-**3358-KE
2025-12-31,20200,Withdrawable Member Savings (FOSA Accounts),Liability_Savings,DOC-2025-12008,0.00,2800000000.00,2800000000.00,FOSA_TELLERS,MBR-**7741-KE
2025-12-31,20300,External Borrowings (Commercial Banks & Apex),Liability_Debt,DOC-2025-12009,0.00,622000000.00,622000000.00,TREASURY_LINE,COOP_BANK_FACILITY
2025-12-31,30100,Share Capital,Equity_Capital,DOC-2025-12010,0.00,850000000.00,850000000.00,MEMBERSHIP_DESK,GENERAL_REGISTER
2025-12-31,30200,Statutory Reserve Fund (SASRA 20% Retention),Equity_Reserve,DOC-2025-12011,0.00,920000000.00,920000000.00,COMPLIANCE_VAULT,STATUTORY_ALLOC
2025-12-31,30300,Retained Earnings & General Reserves,Equity_Reserves,DOC-2025-12012,0.00,390000000.00,390000000.00,FINANCE_DESK,BOARD_APPROVED
2025-12-31,40100,Interest on Loans to Members,Revenue_Interest,DOC-2025-12013,0.00,1420000000.00,1420000000.00,INCOME_STATEMENT,FINANCIAL_YEAR_2025
2025-12-31,50100,Interest Expense on Member Deposits,Expense_Financing,DOC-2025-12014,925000000.00,0.00,925000000.00,INCOME_STATEMENT,DIVIDEND_PROVISION
2025-12-31,60100,Operating, Administrative & Governance Expenses,Expense_Operations,DOC-2025-12015,285000000.00,0.00,285000000.00,INCOME_STATEMENT,GENERAL_ADMIN